{
    "fitted_function": "lin",
    "coeficients": [
        0.0323841443246956,
        1.1482175021713736e-07,
        2.607263546444776e-05,
        -1.5743665502262772e-07
    ],
    "covariance": [
        [
            1.827840078007755e-15,
            -1.767218923538237e-20,
            -5.754651641749525e-18,
            -4.934421738873366e-21
        ],
        [
            -1.767218923538237e-20,
            5.750340164232196e-25,
            2.0683300211587165e-23,
            -4.9865795741585557e-26
        ],
        [
            -5.754651641749525e-18,
            2.0683300211587165e-23,
            2.787802979466894e-20,
            -1.0366383297209628e-23
        ],
        [
            -4.934421738873366e-21,
            -4.9865795741585557e-26,
            -1.0366383297209628e-23,
            3.4973667426616384e-25
        ]
    ],
    "mean_absolute_error": 0.004521401342389954
}